links;category
BQ28lfCfGYQ.mp4;travel
GbO9M0HlqOU.mp4;travel
0z-VeAC960A.mp4;travel
8CPl8y20UCE.mp4;travel
go12WJBcCOQ.mp4;travel
43ZfPniqdTM.mp4;travel
laLdU_xKU0k.mp4;travel
fTkNcWODosQ.mp4;travel
Wfd6cMect38.mp4;travel
VaCyfpfqkPQ.mp4;travel
HP2vE70XQp4.mp4;travel
SR9ABS1MiMU.mp4;travel
VwE0uWM_ddg.mp4;travel
d4az4KtvbsM.mp4;travel
TbRD2zEg95M.mp4;travel
j5VN2XGiFi4.mp4;travel
x22WNlDEafM.mp4;travel
qvCAa-Jv1GA.mp4;travel
IyUTgzwRmwg.mp4;travel
5frBArKZxpE.mp4;travel
SKQndziq_ZQ.mp4;travel
Yq8mBlb1L2I.mp4;travel
7P6-sRha_4M.mp4;travel
DWSlhqA-esU.mp4;travel
TmBQEOs8KOY.mp4;travel
VL0WbHRbJ6A.mp4;travel
iBf0jmZ2oJ8.mp4;travel
QVlb0gomxJQ.mp4;travel
XkHja8gcK04.mp4;travel
FGrHVXXu1WY.mp4;travel
7jCE2Zaz0fA.mp4;travel
UvbXTIiUEe8.mp4;travel
ngr6gd8sdd8.mp4;travel
zlfkuugVo5A.mp4;travel
qhmSpgvtgDE.mp4;travel
lrQQrTgGtg4.mp4;travel
gEO8hMvRhjM.mp4;travel
8LKwRAI-ut8.mp4;travel
_8APF9sFhXk.mp4;travel
n9v_y-d0dTY.mp4;travel
lBf1Qbp9e1I.mp4;travel
P8NeTxH1J34.mp4;travel
CpmQnbteHkk.mp4;travel
0t8LyW2WHi0.mp4;travel
DiYheeNhunk.mp4;travel
4rYKw79fV94.mp4;travel
NXFVT0KUrtE.mp4;travel
9v4nNzNLgcE.mp4;travel
33AFwYdXQP8.mp4;travel
D34sllHQmM4.mp4;travel
HGwu5YiaIT4.mp4;travel
SI0ScFinGNM.mp4;travel
KOI81mnUrNA.mp4;travel
IfMQ2l9sH74.mp4;travel
F1eBQFoBjDA.mp4;travel
zeuVb8QA4_A.mp4;travel
RLEi9Ocpj2A.mp4;travel
kV59pIx6iC0.mp4;travel
Gqp2JY54vCQ.mp4;travel
1oEHBG1A0AE.mp4;travel
ZOakXkny394.mp4;travel
_GTeZQyM3Mk.mp4;travel
Rqmxf2Ud0V4.mp4;travel
JKlsUzv61S0.mp4;travel
F6gIhwIvAP8.mp4;travel
Z305SduEl0I.mp4;travel
1NhM-wFdheM.mp4;travel
gs12dUQPcDQ.mp4;travel
1ZwW4NvGej8.mp4;travel
AF2uPWoAizQ.mp4;travel
0TMnYFxeg3I.mp4;travel
UCCqLmaF6n0.mp4;travel
Uzt9fLwN9Ig.mp4;travel
55672DBdRs4.mp4;travel
qA1VjS2RkYA.mp4;travel
Z5xsmBK-hB8.mp4;travel
4gGbm9qoRiM.mp4;travel
Zgj3skpGE3Y.mp4;travel
gM5xrxG0S1U.mp4;travel
ZR7Z74UY2TY.mp4;travel
LdFDepvIzHg.mp4;travel
7ByoBJYXU0k.mp4;travel
IXKuLWU_MhM.mp4;travel
2Ot0pGetxEE.mp4;travel
TpYPNQuglSE.mp4;travel
I_7dwVtG_vQ.mp4;travel
-0F1uov8xBY.mp4;travel
X--KOVHnCjA.mp4;travel
3YPjmc6QAME.mp4;travel
5Rbl2ltaYZM.mp4;travel
QPcwfuStFnU.mp4;travel
g8CakrnVPk4.mp4;travel
9fvONjm7xTM.mp4;travel
jxI6BBeuM7A.mp4;travel
d2Ylhx4494M.mp4;travel
A-WEZZy9_gM.mp4;travel
HVqYO1joMYY.mp4;travel
OsH3jdDozJ0.mp4;travel
9JE0ScfxduE.mp4;travel
_64diyTtjwQ.mp4;travel
IJIus2aFIZg.mp4;travel
49rPSYBLC5A.mp4;travel
Ji7XXfBCamY.mp4;travel
JHWPaTYp3HQ.mp4;travel
EGfNhI85zPg.mp4;travel
8ujbKdm9B-A.mp4;travel
zy5rgp1blYQ.mp4;travel
YnhmXCVmJe4.mp4;travel
VIu5pbQKtcA.mp4;travel
TcmpegVHeZ8.mp4;travel
YkvXGMk-q-Y.mp4;travel
BQNRowNVo_k.mp4;travel
WdLLrzJ7XSg.mp4;travel
NkyPghe6xCI.mp4;travel
IKb53UxJ5kE.mp4;travel
TC5ml3aqLUQ.mp4;travel
EPM2fKyOBgU.mp4;travel
3oyokShH5oA.mp4;travel
9tkWAShHy7U.mp4;travel
ksGLi0Wa42I.mp4;travel
5LZ-yNleHe0.mp4;travel
K0mYzUPRMA8.mp4;travel
UJEuYooMnWM.mp4;travel
W4_Qyux4JRQ.mp4;travel
OkHhVRpCOxA.mp4;travel
xJa4VALXPbQ.mp4;travel
BXBEfuF4JlU.mp4;travel
4hcd2qVI4v8.mp4;travel
z1LPMyMW7V0.mp4;travel
EKDx1Xd8-ZY.mp4;travel
Elb-qlUPY6g.mp4;travel
USGN-aTzlG4.mp4;travel
SYn8TaygNoI.mp4;travel
UJhCR-SBBFY.mp4;travel
SBONSE03bVM.mp4;travel
JVx-4FpdFf8.mp4;travel
AwTaFL4IeQ4.mp4;travel
69_3hL2-KFE.mp4;travel
ZxKNAVNQtBk.mp4;travel
qN7kVhAO33A.mp4;travel
QO5baVJcYV0.mp4;travel
KtuTa8N3GZk.mp4;travel
9t-GH--Mihk.mp4;travel
9q30cVH2DC4.mp4;travel
HvKwBI8c5ZU.mp4;travel
fdGckJ-8Cg4.mp4;travel
8Ch2vBkVUQQ.mp4;travel
z3EmAG_DyR4.mp4;travel
JTBqYKvy0CU.mp4;travel
jJqBlnwqa2Q.mp4;travel
48mILJUDf18.mp4;travel
VQOeMZpK8Jg.mp4;travel
jHPcg0-SG6Y.mp4;travel
kropZ0yP5LA.mp4;travel
6f_loPJsPFE.mp4;travel
XrYIVpL8TwA.mp4;travel
Cr8dKpHBK38.mp4;travel
PlZyS7heG18.mp4;travel
GuIL6i5rzak.mp4;travel
YjpZ1HuYdCg.mp4;travel
DXzXNoee4Xg.mp4;travel
LxEHdAZBDYI.mp4;travel
zkb3O0Za32U.mp4;travel
5SQ8arKo9M0.mp4;travel
UUS3paRE9Xg.mp4;travel
ZfdZ0H0IxTU.mp4;travel
EMIaJSxshzY.mp4;travel
UwJkysGrc8I.mp4;travel
OYSCvlbBHkU.mp4;travel
zB0xSQzQQEg.mp4;travel
jbRpi3_xjPA.mp4;travel
GO5qY7IYV_I.mp4;travel
Ty4U8Tl5POE.mp4;travel
JQQbl-X5Co0.mp4;travel
G9tWC3Al5zI.mp4;travel
1PZDGT2nroQ.mp4;travel
RKmTo0OrVHk.mp4;travel
FOr3CTm38mI.mp4;travel
PjLsPV0Es54.mp4;travel
jbTXC53ccgI.mp4;travel
PPvai6N9YOE.mp4;travel
OTXvRc5vqfk.mp4;travel
BI6tvf6tQTI.mp4;travel
IT-8iWLJLhQ.mp4;travel
KHeplWekGeM.mp4;travel
EIVgfm_GwiA.mp4;travel
MgvOfNJIo3Q.mp4;travel
Bkz1yfxqxCY.mp4;travel
lJ57SGSTXMY.mp4;travel
Y9T-MkJu_0A.mp4;travel
RfUsYIsXkOg.mp4;travel
kAdTfQcq1_g.mp4;travel
VZf7KzH40B8.mp4;travel
HzRMV2keMcU.mp4;travel
J-DYgqFbCRM.mp4;travel
xAAHnL2VBUI.mp4;travel
SFszD9RvTGI.mp4;travel
j3S5C3x9xME.mp4;travel
WubR4FW_aIU.mp4;travel
BjD-dn-UTXE.mp4;travel
MDpjqT-54Yg.mp4;travel
CdQjDOahkdY.mp4;travel
Up5Ed_D_JvU.mp4;travel
51IkA-1xk5k.mp4;travel
ODuEl4oNae0.mp4;travel
J2wXBky1kXA.mp4;travel
RVeX78MqDsk.mp4;travel
KiP6zsrolpU.mp4;travel
2qYCj5w6Xm0.mp4;travel
FDxnmcqHYKQ.mp4;travel
5Bnw9MA-Q8Q.mp4;travel
qi6OwrOenjg.mp4;travel
gHxyPsn9xjQ.mp4;travel
7PJV48pS10Q.mp4;travel
Gb7JFeRZQaA.mp4;travel
3l_eO9PD8AY.mp4;travel
FBqWLHHmRXY.mp4;travel
rIPl2MiRJA8.mp4;travel
_x_LagDaJkM.mp4;travel
x7QyXlFfWK0.mp4;travel
AUR75gikJ_k.mp4;travel
942sCY6d7kU.mp4;travel
nqO1cuYbIeI.mp4;travel
k1ifvx2sTNA.mp4;travel
35vY_c6h23I.mp4;travel
IlBLvFE3aQM.mp4;travel
AqUlJy5Sm34.mp4;travel
SRTpzWUs3HI.mp4;travel
JjY2o1AEuBU.mp4;travel
jpgzHltoqaM.mp4;travel
XOPxJ0AaHNA.mp4;travel
FBMI89qOZPU.mp4;travel
i9E_Blai8vk.mp4;travel
nDbVA-U-ufg.mp4;travel
6agt0AFtL0E.mp4;travel
jKfT9mfUisY.mp4;travel
JjXAByl1Wvg.mp4;travel
5D5N2h_OTCg.mp4;travel
9cVFBmfmiq8.mp4;travel
kiNyRY5s7n8.mp4;travel
GdW0FDMA-38.mp4;travel
xVv5F1DIAz8.mp4;travel
xwHGfhJWNuE.mp4;travel
XL62VQfHrgA.mp4;travel
726AiAmPbG8.mp4;travel
LLezCFQ3B-k.mp4;travel
6olNUo9PyEU.mp4;travel
fUuzGR-anR0.mp4;travel
_apt5Byhj9Y.mp4;travel
iRtKOLy-xrI.mp4;travel
KfP1W15rUkE.mp4;travel
K9OckN0yR_E.mp4;travel
BeUP9czI-vg.mp4;travel
Axu8f100hbI.mp4;travel
0UCsC1x3gVY.mp4;travel
UmjTe3eW9Nk.mp4;travel
MLg6ZUB3u1Q.mp4;travel
BbNGmdXQe5U.mp4;travel
WcMY9hjwN58.mp4;travel
fp7ZzR2ZRT4.mp4;travel
XVXVD-XLHAE.mp4;travel
CHHSZPSLppg.mp4;travel
HCk67Slp3SI.mp4;travel
GKIWmmcMutA.mp4;travel
A1jBAVBfl3A.mp4;travel
KW0kaKiyBT0.mp4;travel
iQeeqEeAK08.mp4;travel
nhvpqwbNqRA.mp4;travel
EthqIhPtd2I.mp4;travel
Noy-LYbLLqA.mp4;travel
ksUfScPINEU.mp4;travel
R2tRHhg17EM.mp4;travel
XrpDFNnViy4.mp4;travel
nXkgFKGRpQ0.mp4;travel
5fgU6krWEnE.mp4;travel
4TzBwEL2Ovg.mp4;travel
1zCs9KsV-I0.mp4;travel
ibYgCLHXO5Q.mp4;travel
-35N3bjzh_g.mp4;travel
LW8sqye-5QE.mp4;travel
IPbzWJNmndY.mp4;travel
Bkn2KqDgMkk.mp4;travel
RT3JwsDiqtQ.mp4;travel
gtm2O_6_mUM.mp4;travel
A0BiyARxEHg.mp4;travel
0GZSfBuhf6Y.mp4;travel
zStFb5B6Jl8.mp4;travel
lHrZ8PymLi4.mp4;travel
I-MQNRE_am8.mp4;travel
EdAkEDy4Un8.mp4;travel
Cd1Tc2UpnDY.mp4;travel
Pjl8kdROgLk.mp4;travel
jGSRHPhV-PE.mp4;travel
Soc9M_PaqAY.mp4;travel
qZwQtw7Ccz0.mp4;travel
8ewgBV3nhn8.mp4;travel
DHHHHFojz3E.mp4;travel
_AGeNJUK9Ak.mp4;travel
gxuDsPaHsA8.mp4;travel
iwnN4faqsCE.mp4;travel
4jO6U4z49tI.mp4;travel
IA4fOuS_eJA.mp4;travel
LFuNMxU3cDM.mp4;travel
TOVi3Kom7CU.mp4;travel
T9lVxHcACIQ.mp4;travel
kND3tdB8xjU.mp4;travel
qbqeg9Z6xJU.mp4;travel
QTbFbTo1Zwg.mp4;travel
V_Zuqujmju4.mp4;travel
VHYDMyXxSGI.mp4;travel
C76aTAw2LVM.mp4;travel
ShKT8b6BjjU.mp4;travel
N7PfiJnOYN4.mp4;travel
AhenKUiVslA.mp4;travel
KPS2yumaFQ8.mp4;travel
L45lTTuWvSE.mp4;travel
Mlf13k4bVR4.mp4;travel
99Osbo101S4.mp4;travel
0znTshl90-Y.mp4;travel
dIzVo0okUz0.mp4;travel
JttPYJF6SdI.mp4;travel
JNgo_ezn-S8.mp4;travel
nkJy_9F8nS4.mp4;travel
1WSstSrReZQ.mp4;travel
28dIzix5sG4.mp4;travel
CtMZvAgG_ig.mp4;travel
x0GsCmeusLY.mp4;travel
XgDRMgq3j7Y.mp4;travel
dtDCVytEs1I.mp4;travel
NUdm84KDQwE.mp4;travel
D6mgVOF2Ov8.mp4;travel
KOrttxD6FdQ.mp4;travel
nrf576J4Lg8.mp4;travel
jDllF5mkFlE.mp4;travel
6t-evg1hO1k.mp4;travel
LopAn_cq1B4.mp4;travel
LdbJ6ancF4Q.mp4;travel
fsBY-2THXCI.mp4;history
FcB5WQh8xzA.mp4;history
WhtuC9dp0Hk.mp4;history
q_GF7rs8n80.mp4;history
iqraHx99of4.mp4;history
-3-7eu-mnvE.mp4;history
9gpz8pqC6Pg.mp4;history
CrnsDeePSiQ.mp4.part;history
rNCw2MOfnLQ.mp4;history
kFgsnhIPxn8.mp4;history
FtdVHkXAivU.mp4;history
k7dTDjRnBqU.mp4;history
0BnY29Q48T8.mp4;history
BHmF71BbKXE.mp4;history
dZffx3eQO20.mp4;history
JzPuymCGqfM.mp4;history
Jz-RFwRy11E.mp4;history
iQeDvnapdlg.mp4;history
NirBWcEYwtE.mp4;history
WIW2N0wIpSA.mp4;history
UL3eKVYBA-4.mp4;history
gzXoc8y2G0k.mp4;history
AzJKWgCCPh0.mp4;history
EuzAbE-kPkM.mp4;history
QN41DJLQmPk.mp4;history
U6KR4cLLVzQ.mp4;history
QV7CanyzhZg.mp4;history
LaLvVc1sS20.mp4;history
igZZrU2WRPA.mp4;history
rT-Z8iDc584.mp4;history
dyk3bI_Y68Y.mp4;history
519CttbDxTk.mp4;history
0U-Tbjs-B6A.mp4;history
Hs_JMydrxZM.mp4;history
JYQiJKDly9E.mp4;history
Ch4dLCG1p2Y.mp4;history
CySz4xoOQRA.mp4;history
NncZe61FVhA.mp4;history
qIRBRK24MDA.mp4;history
i1xFTx8alMU.mp4;history
JSFWDVC9D1E.mp4;history
Vufba_ZcoR0.mp4;history
CTRvs6bW6CQ.mp4;history
FJjaiR0Cpx4.mp4;history
lQMrfA-2dTE.mp4;history
8pKkRV-VAc8.mp4;history
APF1XMq-_SY.mp4;history
x1ZWrus6qHQ.mp4;history
qo0g3wn9Etk.mp4;history
_uKp4FHPjHU.mp4;history
UWqVzZnwnOk.mp4;history
LiBLJRqOJoI.mp4;history
5fJl_ZX91l0.mp4;history
XZtZRw7zrqI.mp4;history
BHBMCXne7pY.mp4;history
r403elXFgQ8.mp4;history
1r6xsnAR74I.mp4;history
H5ZJujqa0YQ.mp4;history
JgN7STrOq-I.mp4;history
YYPAFqQgbqE.mp4;history
_EbZzwDPF60.mp4;history
F6Su3rBxea8.mp4;history
_sQ_HYlAw6I.mp4;history
RTZm5jfMjmM.mp4;history
qXrkF5Nd4i8.mp4;history
F-g9lRT-gpA.mp4;history
IIiDULrXaqQ.mp4;history
6nEmBmGK5kM.mp4;history
fs_SvMr5IPE.mp4;history
qw9psR8MyPI.mp4;history
XID9cVqNEtQ.mp4;history
KWUOGgqCeN0.mp4;history
8PeVGOKTyH0.mp4;history
rV6gNaofY28.mp4;history
OfJ8Wzanhr4.mp4;history
AILmFeSzwUA.mp4;history
8psx1EuOkuQ.mp4;history
LxueMff27TY.mp4;history
lfQUcUjVB9M.mp4;history
4VCYHTGjr-U.mp4;history
g2z7CVeWdZg.mp4;history
qJ_Nql0p8UA.mp4;history
4Yw4NNctri4.mp4;history
WigL89_WCmA.mp4;history
n_Eq_TYFcxU.mp4;history
CXasEgHPdc8.mp4;history
9cEAUxjA0rk.mp4;history
quLhkqwtOg8.mp4;history
gykVJ1_R7FY.mp4;history
xzWL2XPBHMk.mp4;history
fUQa33Cs1m8.mp4;history
IlR9BMyjplU.mp4;history
HapGfrGR_gE.mp4;history
_zy1IowqaDE.mp4;history
IBgItnNw0O0.mp4;history
xmdZzijQm5Q.mp4;history
nlp068CmQaE.mp4;history
ktCzXaXahSY.mp4;history
6535oRulVwU.mp4;history
ALeQBJkhwA8.mp4;history
rX-NiWT9S_Q.mp4;history
fFNzX3tYTXU.mp4;history
RPdC_FkOlr0.mp4;history
l48dExXWgEk.mp4;history
j5lSqh5gZoE.mp4;history
nly9r_xYyPA.mp4;history
25VR3rLZwG0.mp4;history
nq3A6rUyhOE.mp4;history
Xx4B3VTkYiQ.mp4;history
6HmH-FVLJkk.mp4;history
g0emcVI1IX0.mp4;history
5kvcALPPZoI.mp4;history
35PinDPNPw0.mp4;history
zjK7PWmRRyg.mp4;history
N3jkJLFZx_I.mp4;history
QvGPeezXDIg.mp4;history
FUeKiOVx4Fg.mp4;history
loMoqsywXUU.mp4;history
zDEmHQhGkBg.mp4;history
3dccBUh-_wM.mp4;history
ZqnzCTgTIPA.mp4;history
I-Odu-AV-Dg.mp4;history
NFczNHrbXB0.mp4;history
l41QZoqm_jE.mp4;history
AdmjTEQ3fqI.mp4;history
Pd6E38FfuMg.mp4;history
nC6yNy2pdR4.mp4;history
g9SGpnheXek.mp4;history
MA_Jl8B9Bhk.mp4;history
gxUZPVOlN5g.mp4;history
2fxkCqqbbc4.mp4;history
LtmExt8s4iE.mp4;history
KNOzOwVCU5U.mp4;history
MaDeB84WNjA.mp4;history
J07JoHKzIpU.mp4;history
DJYIC8Sa5J4.mp4;history
E54vJs3kLYY.mp4;history
lxrspd3s6uU.mp4;history
FJdQ1gna10k.mp4;history
VwlrvAvcO28.mp4;history
YP1qjTzxQNE.mp4;history
BzT-f25FGi0.mp4;history
d9ctIu1nEA4.mp4;history
NZRbotD3sok.mp4;history
EvrF8e7oFAM.mp4;history
0i24iBeqlGY.mp4;history
LUq-5vurNuA.mp4;history
_6INqNwFF20.mp4;history
MN8fjAjLLpg.mp4;history
SNqWTThlXz4.mp4;history
fEY1ljrE88M.mp4;history
PQFRYAj3d7M.mp4;history
BGjVbnU-TpA.mp4;history
FZuOZ7Fqag8.mp4;history
GU5HC06c590.mp4;history
iGkVuisGeb8.mp4;history
8E5rbOzVhGQ.mp4;history
dPXNZkGYJHM.mp4;history
RDbqpAm0zxY.mp4;history
z54akiD10gA.mp4;history
lRHvHA1LMZk.mp4;history
ztWYVYswigA.mp4;history
TJjixpUIlwE.mp4;history
GcCqIOaBMwA.mp4;history
JiqGBeyVD8A.mp4;history
QNYozd9wICE.mp4;history
9Kp0zC5O2X4.mp4;history
PYUEVUG3r7A.mp4;history
lVsHLOr1j5U.mp4;history
Usgvao1OjPE.mp4;history
B7pQ5Wy3_LE.mp4;history
UauE2FUQYH0.mp4;history
IXg3JbNkFI0.mp4;history
26EivpCPHnQ.mp4;history
3Js0cdcKr44.mp4;history
48OXlpF2pe4.mp4;history
AcphphFoijY.mp4;history
qW0uzPJEO10.mp4;history
r-95FnFWyWM.mp4;history
iVX99Eml1r8.mp4;history
K5UbnilpzXA.mp4;history
BhJjDj7w4aQ.mp4;history
NnoFj2cMRLY.mp4;history
PxVWjaot99g.mp4;history
gD1JBhyX1tU.mp4;history
l61yveT4JKY.mp4;history
PbBDP1Elbbg.mp4;history
xlJzT7t6s3Y.mp4;history
Fi73in0axyg.mp4;history
UOPHLsczY4k.mp4;history
VVHE0tt__XU.mp4;history
rHiwWRlyTqQ.mp4;history
5w30XgACSAg.mp4;history
BUFLNJBj-KY.mp4;history
Gg1SGA3zYx8.mp4;history
fiUvF060u_4.mp4;history
P9YnYRk8_kE.mp4;history
qefxyKI0VS0.mp4;history
kUWEYLVooxU.mp4;history
OlB2DPoZyw0.mp4;history
XU4tJR-El4M.mp4;history
zU0crkiaBuA.mp4;history
HLsHBGtsJe8.mp4;history
KGlmlSTn-eM.mp4;history
7W48AYpkdkE.mp4;history
fhxfEGWbe00.mp4;history
7gKQs7fB3p0.mp4;history
5n3rpBJsXCQ.mp4;history
lnntniGsM24.mp4;history
gNikgAqXl5Y.mp4;history
VG6C9x2Ve90.mp4;history
NvbpdBfRgnY.mp4;history
_kPCxA2WEBk.mp4;history
xbbYCe2o1SI.mp4;history
H7acwP29Y2I.mp4;history
P0zIQDbUiI8.mp4;history
iHrTY46HOnM.mp4;history
ApwpKb1FOoM.mp4;history
7-IOrsbBNaA.mp4;history
DgYFJM2DjEM.mp4;history
nIwHW93CkcE.mp4;history
lz4EQ0iYDI4.mp4;history
IeJvJyPtiWA.mp4;history
UY9P0QSxlnI.mp4;history
_tSYncc6e2A.mp4;history
CykxMm_KWgk.mp4;history
DEVxQYA0kvQ.mp4;history
VcnSsEVsrf0.mp4;history
xFH8DLqTQEA.mp4;history
QHhIh9hJXlM.mp4;history
EgMiZ-E6dY4.mp4;history
QVyABHEjK4A.mp4;history
HxTNuGnYZWM.mp4;history
jfmpDTRFun0.mp4;history
dB6Xoemx214.mp4;history
9lEPiTWRqMQ.mp4;history
7aQIAHTL5V4.mp4;history
Fbb7nbIUUEM.mp4;history
f32MPPBJOjU.mp4;history
fp5rHr6qzUY.mp4;history
KSEoHLnIXYk.mp4;history
rs48TSeaYfk.mp4;history
PzF88HBlAHY.mp4;history
qYlYJo-tIIU.mp4;history
UGaSQQmCtg4.mp4;history
IPKatU_XTCg.mp4;history
KSjDe9_jZk8.mp4;history
xI-YXyMtY5Q.mp4;history
383WJ9NL2d0.mp4;history
JzMOSL9U8Y0.mp4;history
Uw_ZB8RHeUU.mp4;history
zDiCqMgTm1Y.mp4;history
dkhcNoMNHA0.mp4;history
OpLvioS8GbQ.mp4;history
WJn-IPFZN_A.mp4;history
GdC6QOhimX8.mp4;history
8SkWKFgf6fA.mp4;history
3NeDMtozQ8Q.mp4;history
xN8BPecpNZg.mp4;history
Ojo8-GhhQcA.mp4;history
ipYmfQL2YR8.mp4;history
EdY5-uLyp94.mp4;history
BsDFQ0kFiLk.mp4;history
20UM2Vyw2U8.mp4;history
KQTtwh2GRME.mp4;history
gkWVlva5Oug.mp4;history
IpKqCu6RcdI.mp4;history
Lr8Qx0SyrYI.mp4;history
xe3cBsNmhpQ.mp4;history
Yrj2wyzj0R8.mp4;history
RlCtb_7zGeg.mp4;history
CqJ_eE6t0S8.mp4;history
CV70OZrenmI.mp4;history
91ZJD1Z9jWk.mp4;history
dT6TwsMtTRY.mp4;history
LEKyu7ly0OI.mp4;food
ASU7YXsKNCY.mp4;food
BOZ9oembC98.mp4;food
_yol-3k5J38.mp4;food
Bnghr6MDsYg.mp4;food
QuTE12qGmz8.mp4;food
Qt3s8qQ4PSg.mp4;food
0R7YTzCp2ZA.mp4;food
HD70pOLM8nU.mp4;food
5etdIUtIDu4.mp4;food
z3M2PKw3CFY.mp4;food
EoljJHF6woM.mp4;food
_Ez7q0Sm7SA.mp4;food
zXuY33koYX4.mp4;food
Q2QCvORjBYk.mp4;food
ONg5i8Dbdpg.mp4;food
IYLaJXd4EJI.mp4;food
4yFtu158nS4.mp4;food
5iXyrKdT6bg.mp4;food
d1ggTW7Wp3M.mp4;food
DI0W68f3xIA.mp4;food
kpQC2DNX9K4.mp4;food
LImTBydHhgE.mp4;food
UgqkIeU_jTA.mp4;food
-5WbQNr6Vm0.mp4;food
34xw_Cp0FNk.mp4;food
j4bsIMRX58U.mp4;food
ZT-YlUeWwLM.mp4;food
_RFTnb4nC-A.mp4;food
kor6mPFmGBU.mp4;food
lwYoQzO4qpI.mp4;food
QmToRTrQyxg.mp4;food
8B8dvos6oYU.mp4;food
B4cKAoipapU.mp4;food
03-NQk__zNI.mp4;food
xXCbMflZo5g.mp4;food
2X0-KeehZy4.mp4;food
q6L-20bSu8Y.mp4;food
SzXhK1J1mRE.mp4;food
LHAgUebnlXI.mp4;food
_B-XY-AUYfM.mp4;food
CsEbWHBpC-g.mp4;food
FbvApkdfLOE.mp4;food
QHwTdOWARB0.mp4;food
XEaZpcqBWlY.mp4;food
g5MlJ3Us10k.mp4;food
B607g_iw3FQ.mp4;food
Ljd8Ybi8A-A.mp4;food
zdjHuWh5n_E.mp4;food
Y9akycewqUE.mp4;food
3tcycvNGXS8.mp4;food
fze5s1SlqB8.mp4;food
Wih3skFj_OE.mp4;food
qrvqNVnd-YA.mp4;food
AXRzry77TF4.mp4;food
D60XROZcfqI.mp4;food
OhIY76s2YZI.mp4;food
9Qm2VFYRr4E.mp4;food
A0t26w1zXiQ.mp4;food
Ow0DjMjbkbY.mp4;food
ihwAF-zahsA.mp4;food
5XU8MAoM0eI.mp4;food
z8okq3ZPVF0.mp4;food
07iy0PvV3mU.mp4;food
i8vYnq_vcDk.mp4;food
96aUeJlUTq0.mp4;food
CwBEJaDbVxk.mp4;food
FDNNG9doFe4.mp4;food
5RyHuWgV1SQ.mp4;food
3gct6C9S5Rk.mp4;food
WZ8rEpawkUI.mp4;food
AVe7A_RYtVM.mp4;food
lQfdXI7mAzk.mp4;food
I-rnKr6InrM.mp4;food
dJOHzKyxmn8.mp4;food
FPS6DH85dL4.mp4;food
7ucZFnkjPiI.mp4;food
ZfYUM3keVjg.mp4;food
AHuj4DCueO4.mp4;food
kn7YEtfyxkA.mp4;food
qRQJKIPpwzY.mp4;food
QyfGYKMK9gE.mp4;food
dvLXmajHt34.mp4;food
lm-93CO_fy8.mp4;food
J-Lh4ElpIxM.mp4;food
FlzKcP5ge7k.mp4;food
HOE5QDDKDlY.mp4;food
iQBGpocUDVA.mp4;food
Fwk8ygZcjJ0.mp4;food
FakSjD0vhd4.mp4;food
VHVZtf8vdeE.mp4;food
qhN0tzN9zTA.mp4;food
54OQ-xBVG4I.mp4;food
Atii8FGebiQ.mp4;food
kksxKa1L6EA.mp4;food
ZSm1InvSMBA.mp4;food
AC_pELJnZG4.mp4;food
88s4VlRu0PE.mp4;food
CkUTKHlRcg4.mp4;food
jJoYZ7Ztigk.mp4;food
GHWuyTsrFTg.mp4;food
XyMPbExnJr4.mp4;food
gytmHNfPQAA.mp4;food
FjrIeUg3VRA.mp4;food
5NhtfEushlU.mp4;food
It338b61dU8.mp4;food
7rbCloky8R8.mp4;food
InwLD4FjsT8.mp4;food
Bv7Hw2dDflQ.mp4;food
8Dn-FZ4b7SI.mp4;food
2jdWM8z24BU.mp4;food
V453IlfjGmg.mp4;food
94Q6dJaIVMU.mp4;food
j677PxZWifM.mp4;food
05a6DFyzpYk.mp4;food
AlB3u2cIfP8.mp4;food
3fseql4Ho7g.mp4;food
XDoQSlUWOf8.mp4;food
jOJC42jY864.mp4;food
Drm55v5uQeY.mp4;food
VQQIgk83zcM.mp4;food
4XtDd88xO74.mp4;food
UF4jVfU4PkA.mp4;food
MURPf_6r8z4.mp4;food
QxPJtTiXV10.mp4;food
U6BwsAjAZLA.mp4;food
nVtHufTiax8.mp4;food
8C4WLYtvbuI.mp4;food
8E73wIkMWX0.mp4;food
LJnuyjpZiwI.mp4;food
QoJEWgDzteg.mp4;food
KmKFTJWOHg8.mp4;food
EnqUA9vZYCY.mp4;food
l35cs9_Pb-M.mp4;food
4dS5qfasNoA.mp4;food
O_CSLU28hCI.mp4;food
QybgjA720k0.mp4;food
F4rywk07jYU.mp4;food
DaZlQb4qd4g.mp4;food
126MoLm7WH0.mp4;food
DKzCFeGJ01M.mp4;food
KhQHgrWA8yQ.mp4;food
Fhx96FxULFA.mp4;food
N9KhZUK13nI.mp4;food
RntQX8ay7jk.mp4;food
PlO1Eu2NGzE.mp4;food
zU0oteMXVuU.mp4;food
2jDBoTEpCwk.mp4;food
Fvl36nmDxrU.mp4;food
RK1sYKCVPdM.mp4;food
K1A0TD-0ci0.mp4;food
61tWQ7i_68I.mp4;food
JWdXXKM4k9Y.mp4;food
0BgoFiekqk8.mp4;food
1PITMFCW6m0.mp4;food
ROXc-N0s5xE.mp4;food
SWWsn9RAiH0.mp4;food
HrnLUmj8lzY.mp4;food
d2iWpJ2b_dU.mp4;food
GxVOa0g6qp4.mp4;food
IMSYyb5U-9g.mp4;food
z1BchfZFgp4.mp4;food
EqwbMmKLzHM.mp4;food
Wxdj970RM7M.mp4;food
kYPus4Dq4V0.mp4;food
GvyYlNeay9A.mp4;food
S_xmoyrETWM.mp4;food
DI4wLOW_wLU.mp4;food
2-5du2oVM5g.mp4;food
g3gKD1veQV8.mp4;food
Cm2dczXpBG0.mp4;food
gsQHzPyv5uM.mp4;food
FqRv-MKyFSE.mp4.part;food
AWUW9dhXp84.mp4;food
GQ5d8wM1ZDE.mp4;food
Jtbrzrrvhrk.mp4;food
jQYRy4xVrcU.mp4;food
6vJ2INi-xng.mp4;food
FFs-eIc3tzA.mp4;food
lOxLGmuc-yA.mp4;food
TkGoYD52KwM.mp4;food
8M1QX1un59g.mp4;food
Hf0b_-hVBS4.mp4;food
JwtY2HPBsN4.mp4;food
671vZIfyjz8.mp4;food
C5U3dMkYbog.mp4;food
Q9GBD7OEqlM.mp4;food
4vO7oq9nqzY.mp4;food
L_eSvMRqiM0.mp4;food
XhnlDoaEvxM.mp4;food
rfJ9W9aLc88.mp4;food
Jk1E0_1e8WY.mp4;food
lLgnlAoej2Y.mp4;food
G72Oz_HjsU4.mp4;food
1lCIl2jumWE.mp4;food
qWIoQpuFwcY.mp4;food
_fXG3eWdFg4.mp4;food
_f8pLcnpXOg.mp4;food
GUaXgB7IjQI.mp4;food
BLIDS27ZJhg.mp4;food
PE6tQ5QUU_E.mp4;food
W-8DcYP5_rg.mp4;food
EkqC1BZl9LU.mp4;food
PE3xJQSLfxU.mp4;food
lYu7C1gEtn0.mp4;food
ULeSu2rRMbI.mp4;food
frWnoDgUYAM.mp4;food
1hfNIm91uHY.mp4;food
AGd7e4EhrkQ.mp4;food
J9yb3BqVRZI.mp4;food
M3Sai5E7dk4.mp4;food
jxsnYsA549Y.mp4;food
3-hrIO9r2EY.mp4;food
74SfbJp2icg.mp4;food
ZduIQnhkPW8.mp4;food
Td1GEThVEnU.mp4;food
8sRgd2kSJeg.mp4;food
HyZCsaPK4gE.mp4;food
12WIDMtft58.mp4;food
1fKNvl6OxD8.mp4;food
FZ-B1kzb6YU.mp4;food
F9XfTMm2CyM.mp4;food
8bn3aCkaWY0.mp4;food
2VdaOVEne9Y.mp4;food
N26pjkM_z4A.mp4;food
GgrwPM9PpkE.mp4;food
YFPQm_HjDFM.mp4;food
_BmZ9b9EMck.mp4;food
Q4-07By8r9I.mp4;food
0B5J61fEtVI.mp4;food
PPQrNkOgttQ.mp4;food
7ExQ-W6YjG0.mp4;food
EbU5FZ1n2qg.mp4;food
nKKuq-XTCAM.mp4;food
jh3rjzQSeQ0.mp4;food
ggUYnu3ASg8.mp4;food
QMS4uQgnPUY.mp4;food
j64MlcA7arY.mp4;food
iszTT9U4OA8.mp4;food
PjJVpsd00Pg.mp4;food
KzZmPXGlMRI.mp4;food
qtUzkdqL42U.mp4;food
0lOEQhFH3M4.mp4;food
GhYfM6gaGL4.mp4;food
YkUBLQga05Y.mp4;food
K79bXtaRwcM.mp4;food
rLEleda80S4.mp4;food
6WSkWLd-pGQ.mp4;food
6KsmRNpE-RY.mp4;food
4rHuRiSSPP0.mp4;food
igu-Rlm5QX4.mp4;food
SGO063Q4sZM.mp4;food
j7dp7cwnnPg.mp4;food
FiLmJLWBJFk.mp4;food
127ypMsT6e0.mp4;food
4oexNK5-feg.mp4;food
0oCgH4ccrRU.mp4;food
9J6cU3Cq10U.mp4;food
YUKxbQ3rpUk.mp4;food
f6oW6jN8tDI.mp4;food
kQlXxlVRcuA.mp4;food
O0wvslA4BEg.mp4;food
BqdFvgaiynM.mp4;food
qUm8TSGtenI.mp4;food
0SPwwpruGIA.mp4;food
5Lsp6cZxtoQ.mp4;food
nLHlQ8FBaqI.mp4;food
W3zsiq2od-U.mp4;food
DQbPQ8GZBo4.mp4;food
xalV2JekPm0.mp4;food
XlzTsK-xN0I.mp4;food
RWzzhQVBHm8.mp4;food
1ZvgLtkRcHI.mp4;food
nm_sf_vSLqA.mp4;food
RJyvcr-6JX8.mp4;food
HOi-PPCFCMk.mp4;food
Lw7EixBGu60.mp4;food
KJQkleg0QTQ.mp4;food
9vr1IyFQ05I.mp4;food
4FfZ_3caDI8.mp4;food
66GKLT8WFtE.mp4;food
Bt_pkuhMz3M.mp4;food
8A1C5s--6bE.mp4;food
iTw7-JiAkFQ.mp4;food
97rvdeo5EeY.mp4;food
_iYiGaNSlyU.mp4;food
CFF8LMH1XhE.mp4;food
Jr9QW_BjpTE.mp4;food
XtigtkiSKFg.mp4;food
47NjJIcPqJk.mp4;food
Ws5rVsthK4E.mp4;food
3mv6qPD8-FA.mp4;food
qsqNEFtetd0.mp4;food
MuteSwSP1JM.mp4;food
lbnpo-hZHsQ.mp4;food
XkTWFcqm6Gk.mp4;food
7vCpBN6cW34.mp4;food
Gq04n9enKvM.mp4;food
gAMngyNZ-aM.mp4;food
rqVKQzU_e0Y.mp4;food
35kDeXd1ke4.mp4;food
R8Gj2xR5xgU.mp4;food
ltUDZD1vgxQ.mp4;food
XyXcf7TJD0k.mp4;food
D59Ld3KKM6M.mp4;food
HCi8gAIo2mI.mp4;food
jrmleehQBbg.mp4;food
zqwB2-5urgI.mp4;food
lR1aCmQiLzY.mp4;food
gmIwxqdwgrI.mp4;food
5nLWk7kzXgI.mp4;food
MkAzZOjgM5k.mp4;food
7WVvGpdF2C4.mp4;food
B8y3SSmz4sg.mp4;food
KhA5FCf2r7U.mp4;food
6dChKENkLLk.mp4;food
2jiAwjr4LgA.mp4;food
qy4OmeTuNQ8.mp4.part;food
nfUV25mV58k.mp4;food
O0dRYq672jY.mp4;food
kNHoDbD6dzU.mp4;food
lZHISpCGHS0.mp4;food
DnLcQei4Q0g.mp4;food
R9YM_8rUWAM.mp4;food
2EHdOCWjQ00.mp4;food
VVQ14CqEPdk.mp4;food
7lOmjcyYqzY.mp4;food
Gy9jos_LkSE.mp4;food
xwHCYXE6h_U.mp4;food
4j_WacwQAIU.mp4;food
HoH7gPaeft4.mp4;food
qvvKU5IyqOA.mp4;food
xRf7o39LoyA.mp4;food
SpOv4FQs0vk.mp4;food
X-jJ3PQtdSA.mp4;food
RneLQdJwSYg.mp4;food
neRg60drdeE.mp4;food
Pg03WXeYmLI.mp4;food
13Ozz7tYXwE.mp4;food
VfNqA2ukNrk.mp4;food
V08HCWLvJlA.mp4;food
DXGbgUjKSm8.mp4;food
kvLv0Ne7-aU.mp4;food
kOoBHWlaVqU.mp4;food
B5pKw6flFZE.mp4;food
NB677WpuyzY.mp4;food
VA8aH-SWQLU.mp4;food
R70wXg8orOA.mp4;food
zZjnkt_HKIg.mp4;food
l7cwoyjysVY.mp4;food
ZgqqIYh7TUI.mp4;food
AEhBwiIEdj4.mp4;food
7Ljj7W0PQUY.mp4;food
65rxBoi74C8.mp4;food
C4Ydh-LNDdM.mp4;food
UUT0DSw3Z58.mp4;food
MpE4LCN4mbQ.mp4;food
D_PDZNU58Yg.mp4;food
N0-mgWKxj7E.mp4;food
5IMCrfuRNVY.mp4;food
RSY-6UkxzkU.mp4;food
BcRXf-PLNtk.mp4;food
_1g735GyVlU.mp4;food
zRmTKZO4to8.mp4;food
XkZGq8V-MS4.mp4;food
V2K3Chc_lUY.mp4;food
kb7yInOS2xM.mp4;food
jrMsWztL1n8.mp4;food
2FhtWlKPojU.mp4;food
C9rd3znJO4Q.mp4;food
7aS-yb_xeU8.mp4;food
UXYtPfeTcIU.mp4;food
xxKV2IKujNM.mp4;food
diDuEAKA0wA.mp4;food
PlI3gjkcPz0.mp4;food
HjlQritVSDM.mp4;food
zRIDcCLxdRI.mp4;food
YaUPv6RGcT8.mp4;food
4vzi5cz8h-I.mp4;food
rtBZhSY_y-M.mp4;food
kG6Y_wNXXiA.mp4;food
3hOpP3brwtY.mp4;food
YBN29Q1xDH8.mp4;food
QtVL76gh09U.mp4;food
fp4GF6yAhdQ.mp4;food
JGwWNGJdvx8.mp4;art_music
WMweEpGlu_U.mp4;art_music
i978MtcO33A.mp4;art_music
dPI-mRFEIH0.mp4;art_music
PaOvQDNtbhA.mp4;art_music
09R8_2nJtjg.mp4;art_music
KVh4KtUSW3A.mp4;art_music
ziZIzjJP6aM.mp4;art_music
UUWCaOTK3u4.mp4;art_music
jkkFPhojTN4.mp4;art_music
jcHtJoDSJWY.mp4;art_music
IwEZUK_seZA.mp4;art_music
gX3XOudxbQE.mp4;art_music
xp_-rl_9QF0.mp4;art_music
5xieNoAnUZg.mp4;art_music
jo6iAkSoraY.mp4;art_music
0jvDjhbVXbE.mp4;art_music
AWGzK3Pewo8.mp4;art_music
Y7pS8MYMHMk.mp4;art_music
dDmQ611UBUM.mp4;art_music
MUbbNqyLE3Q.mp4;art_music
CyLNdSutvhU.mp4;art_music
YKLX3QbKBg0.mp4;art_music
3JTeanRtrmg.mp4;art_music
MFDCry32ddE.mp4;art_music
AEIVhBS6baE.mp4;art_music
zSdqkSTfB0Q.mp4;art_music
4CjNYcEF4cY.mp4;art_music
W9mrvDWUR9g.mp4;art_music
AAD4qz-PAQE.mp4;art_music
7F37r50VUTQ.mp4;art_music
9HigCiJldoM.mp4;art_music
R2KgPD1ws1Y.mp4;art_music
x_elT6zkqN0.mp4;art_music
dGZb1kv5zW0.mp4;art_music
VIV3nS7KRok.mp4;art_music
_sV0S8qWSy0.mp4;art_music
YELUYHVXNMQ.mp4;art_music
jwQjJK0VuAg.mp4;art_music
i9lB-am_hyY.mp4;art_music
fKg4A6NG6hM.mp4;art_music
1TLkrSku9Qg.mp4;art_music
qJWJssEImV8.mp4;art_music
GI30zqFk0sU.mp4;art_music
Jn5hsfbhWx4.mp4;art_music
8r9iCph8-MA.mp4;art_music
k2qgadSvNyU.mp4;art_music
Fg46N6VJPpI.mp4;art_music
0JLRExeOH-k.mp4;art_music
_sfIvmxhz5Y.mp4;art_music
qJT2h5uGAC0.mp4;art_music
1gqBb4Y7LJA.mp4;art_music
idQjOqiTiK0.mp4;art_music
gdZLi9oWNZg.mp4;art_music
Hfoi76YbnzA.mp4;art_music
3Cgj9wG6lIU.mp4;art_music
4PRoYFia7qk.mp4;art_music
zWPsjhBaRb0.mp4;art_music
gi8XmLT41eM.mp4;art_music
RX3Xenjc-GE.mp4;art_music
94o73K5T0MQ.mp4;art_music
i_k3K772Zyk.mp4;art_music
0HALmGJwZyM.mp4;art_music
RtubJEkqnlA.mp4;art_music
LRAqXObBJrY.mp4;art_music
AIVrTmyhLjg.mp4;art_music
lAo5Z-TSD_U.mp4;art_music
kffacxfA7G4.mp4;art_music
A5pSnIwbpaM.mp4;art_music
DA71S99guUg.mp4;art_music
8vKs_pelX10.mp4;art_music
IV-MKtSOZNY.mp4;art_music
0w62ddeVwGE.mp4;art_music
0BdgJ9kovf4.mp4;art_music
VGPmFSB8qVY.mp4;art_music
9xfDW-dIN9Y.mp4;art_music
CevxZvSJLk8.mp4;art_music
SHKtV9rsy8k.mp4;art_music
JBDeYczM5jM.mp4;art_music
Ca1i6DZC3iY.mp4;art_music
kJQP7kiw5Fk.mp4;art_music
8mweiZlvxsE.mp4;art_music
JFcgOboQZ08.mp4;art_music
liTcomfA9YE.mp4;art_music
l5Gvj2sI--E.mp4;art_music
kvHj5ifGbDE.mp4;art_music
7PJreVPksbQ.mp4;art_music
9bCHbSjMvqM.mp4;art_music
d8IT-16kA8M.mp4;art_music
WBmQumK6Rr0.mp4;art_music
6mz6NNcYiEM.mp4;art_music
DbXMjAYSa68.mp4;art_music
CzaONgnF8V0.mp4;art_music
8EJ3zbKTWQ8.mp4;art_music
fUS31GnQuBU.mp4;art_music
xcv_vRJcn8Q.mp4;art_music
qTOBccJx5D8.mp4;art_music
7gRHEx8m0wg.mp4;art_music
gPoiv0sZ4s4.mp4;art_music
qCgjpLEzBkg.mp4;art_music
OX-h7MtkeOI.mp4;art_music
HH8VCzdqSmQ.mp4;art_music
D3qBnJw8-Vg.mp4;art_music
qARrNEx-b2Y.mp4;art_music
X-DDknSzELI.mp4;art_music
GjqosLwfT8E.mp4;art_music
rzpMRXkQcMU.mp4;art_music
ludM-0QgTWQ.mp4;art_music
lZ2PhyBF3GQ.mp4;art_music
3R1eUfVxOGI.mp4;art_music
5IwXZKpzBHE.mp4;art_music
5xNyDEafI7E.mp4;art_music
LjgNun7yAh4.mp4;art_music
N4rAGlcGUiQ.mp4;art_music
zC3UbTf4qrM.mp4;art_music
UhIte8t6BEg.mp4;art_music
JbH7kG-jxsk.mp4;art_music
4VUvWE7qLA8.mp4;art_music
Ljba1qsErRA.mp4;art_music
qItXToNIhzY.mp4;art_music
FUm67twFGmU.mp4;art_music
nuGt-ZG39cU.mp4;art_music
WMGxrqpZzV0.mp4;art_music
lp_xoC6yGBk.mp4;art_music
GbAEh67oH5Y.mp4;art_music
rkOakcMqJ-8.mp4;art_music
dodDteh-m3Q.mp4;art_music
9VIKN_9lCkI.mp4;art_music
8wFdbwtr61I.mp4;art_music
5nyFfZnsyNY.mp4;art_music
3ssL8vx7Xhg.mp4;art_music
jzD_yyEcp0M.mp4;art_music
6zNH05KoeOg.mp4;art_music
_YjSmLlmqLM.mp4;art_music
1SsCQ7ti_Bk.mp4;art_music
Dv0ympT_1h8.mp4;art_music
n_oP9Onj0r0.mp4;art_music
Ami6WGQ318E.mp4;art_music
3r8ivPApby4.mp4;art_music
NJZvZTklxWQ.mp4;art_music
dv_Qjzca56k.mp4;art_music
8v3sRs-SnRg.mp4;art_music
W80W9--FSVM.mp4;art_music
jA3XkD8k8-A.mp4;art_music
-0UZToYr-IA.mp4;art_music
_tjFwcmHy5M.mp4;art_music
SAcpESN_Fk4.mp4;art_music
60U-LwYARMg.mp4;art_music
4Hj7YcWFnK4.mp4;art_music
UOxkGD8qRB4.mp4;art_music
zWEOx7TSM6I.mp4;art_music
gghDRJVxFxU.mp4;art_music
1Jzmkv1iyxQ.mp4;art_music
OMoU0Pfibc4.mp4;art_music
xR2e8B8bAE8.mp4;art_music
7ndhN-V_qTU.mp4;art_music
_tvSISx-hNQ.mp4;art_music
ixkoVwKQaJg.mp4;art_music
EwyucgqKDuE.mp4;art_music
On0hnlrgVnA.mp4;art_music
nfWlot6h_JM.mp4;art_music
J6enOG547lk.mp4;art_music
xQzS3JnZQZM.mp4;art_music
zeAdk3iVcvE.mp4;art_music
4bB1uzsg--Q.mp4;art_music
ITYG_dwTETE.mp4;art_music
SxoTAvwCr4A.mp4;art_music
CT1Ux-QZAJk.mp4;art_music
MJmDuQOQSfU.mp4;art_music
_SCdj9d8SUQ.mp4;art_music
YicRJLBLon8.mp4;art_music
zywy9b03vVg.mp4;art_music
lpdRqn6xwiM.mp4;art_music
